Date,Consumer Discretionary,Consumer Staples,Health Care
1998-07-27,223.02999877929688,232.00999450683594,326.4599914550781
1998-08-03,218.60000610351562,227.50999450683594,314.94000244140625
1998-08-10,212.74000549316406,222.17999267578125,312.75
1998-08-17,215.3699951171875,224.75999450683594,324.07000732421875
1998-08-24,205.47999572753906,218.14999389648438,317.2799987792969
1998-08-31,190.61000061035156,206.2100067138672,304.0
1998-09-07,194.61000061035156,206.24000549316406,315.1099853515625
1998-09-14,197.32000732421875,206.19000244140625,319.7300109863281
1998-09-21,195.9600067138672,206.99000549316406,327.7900085449219
1998-09-28,182.25,210.42999267578125,312.55999755859375
1998-10-05,180.38999938964844,217.92999267578125,303.5400085449219
1998-10-12,199.02999877929688,229.27000427246094,322.1600036621094
1998-10-19,204.1999969482422,234.0399932861328,326.8900146484375
1998-10-26,208.38999938964844,235.42999267578125,334.5
1998-11-02,217.5,244.55999755859375,344.94000244140625
1998-11-09,215.77000427246094,244.33999633789062,338.42999267578125
1998-11-16,222.0399932861328,249.50999450683594,356.5199890136719
1998-11-23,227.6199951171875,249.4600067138672,362.2099914550781
1998-11-30,223.52000427246094,246.61000061035156,360.3699951171875
1998-12-07,225.22999572753906,236.36000061035156,356.3800048828125
1998-12-14,228.85000610351562,239.41000366210938,350.0899963378906
1998-12-21,238.6300048828125,252.36000061035156,358.8399963378906
1998-12-28,241.27000427246094,249.39999389648438,369.8399963378906
1999-01-04,249.80999755859375,248.8699951171875,365.0899963378906
1999-01-11,245.97999572753906,241.72999572753906,353.44000244140625
1999-01-18,246.02999877929688,232.52000427246094,344.05999755859375
1999-01-25,254.82000732421875,243.69000244140625,368.2699890136719
1999-02-01,251.22000122070312,234.97999572753906,365.1199951171875
1999-02-08,249.0800018310547,232.7100067138672,364.69000244140625
1999-02-15,253.94000244140625,236.05999755859375,365.45001220703125
1999-02-22,255.19000244140625,233.32000732421875,371.2699890136719
1999-03-01,267.19000244140625,238.19000244140625,382.2099914550781
1999-03-08,270.0899963378906,240.4600067138672,387.8900146484375
1999-03-15,269.44000244140625,240.1300048828125,385.739990234375
1999-03-22,266.260009765625,237.08999633789062,375.8299865722656
1999-03-29,267.1499938964844,227.52000427246094,381.1400146484375
1999-04-05,283.1000061035156,227.0,395.42999267578125
1999-04-12,274.1400146484375,227.39999389648438,367.0
1999-04-19,284.17999267578125,228.52999877929688,377.9200134277344
1999-04-26,273.2900085449219,230.67999267578125,354.260009765625
1999-05-03,273.32000732421875,232.1999969482422,360.489990234375
1999-05-10,272.3999938964844,232.0,355.7099914550781
1999-05-17,267.760009765625,236.44000244140625,352.9800109863281
1999-05-24,261.3999938964844,231.1199951171875,343.7300109863281
1999-05-31,269.510009765625,236.49000549316406,356.55999755859375
1999-06-07,258.739990234375,228.35000610351562,334.3599853515625
1999-06-14,266.8800048828125,228.86000061035156,338.45001220703125
1999-06-21,263.010009765625,223.94000244140625,336.2900085449219
1999-06-28,279.17999267578125,228.5800018310547,365.42999267578125
1999-07-05,279.8900146484375,229.3300018310547,360.5400085449219
1999-07-12,280.7300109863281,233.22999572753906,365.19000244140625
1999-07-19,267.55999755859375,227.4499969482422,348.6099853515625
1999-07-26,260.67999267578125,226.05999755859375,339.17999267578125
1999-08-02,248.64999389648438,222.33999633789062,325.04998779296875
1999-08-09,256.739990234375,221.9600067138672,333.92999267578125
1999-08-16,261.489990234375,221.52999877929688,347.57000732421875
1999-08-23,259.510009765625,225.5,353.3599853515625
1999-08-30,257.2699890136719,223.8000030517578,360.5799865722656
1999-09-06,258.5199890136719,218.02999877929688,352.3500061035156
1999-09-13,256.9700012207031,215.67999267578125,343.6400146484375
1999-09-20,246.92999267578125,206.63999938964844,324.69000244140625
1999-09-27,254.0500030517578,199.1300048828125,332.2200012207031
1999-10-04,268.1000061035156,209.3000030517578,353.75
1999-10-11,248.7899932861328,197.5399932861328,326.1099853515625
1999-10-18,260.8399963378906,206.82000732421875,354.17999267578125
1999-10-25,270.489990234375,212.9600067138672,356.8699951171875
1999-11-01,269.7300109863281,209.57000732421875,364.4100036621094
1999-11-08,275.4800109863281,208.7899932861328,363.2799987792969
1999-11-15,275.6099853515625,213.64999389648438,363.9700012207031
1999-11-22,273.0400085449219,219.1199951171875,363.2699890136719
1999-11-29,279.5899963378906,220.85000610351562,353.8900146484375
1999-12-06,283.739990234375,211.1300048828125,332.80999755859375
1999-12-13,287.6700134277344,202.85000610351562,321.17999267578125
1999-12-20,292.4700012207031,207.41000366210938,333.1300048828125
1999-12-27,299.30999755859375,208.0500030517578,326.7799987792969
2000-01-03,290.489990234375,212.8800048828125,354.94000244140625
2000-01-10,296.8999938964844,211.10000610351562,352.79998779296875
2000-01-17,291.510009765625,203.8699951171875,341.7200012207031
2000-01-24,273.0400085449219,191.97999572753906,336.44000244140625
2000-01-31,285.4599914550781,189.0,345.5199890136719
2000-02-07,276.8699951171875,184.50999450683594,324.2799987792969
2000-02-14,253.02999877929688,180.0800018310547,319.4800109863281
2000-02-21,246.0500030517578,171.24000549316406,308.8900146484375
2000-02-28,261.30999755859375,173.1999969482422,307.4800109863281
2000-03-06,251.8800048828125,151.14999389648438,312.17999267578125
2000-03-13,277.3299865722656,167.74000549316406,326.2900085449219
2000-03-20,285.3900146484375,166.50999450683594,320.19000244140625
2000-03-27,287.6300048828125,171.5500030517578,326.260009765625
2000-04-03,295.2699890136719,176.97999572753906,338.9700012207031
2000-04-10,270.0299987792969,175.7100067138672,334.5799865722656
2000-04-17,282.69000244140625,181.7100067138672,351.82000732421875
2000-04-24,281.92999267578125,175.72999572753906,351.9100036621094
2000-05-01,269.2300109863281,178.91000366210938,363.0199890136719
2000-05-08,275.239990234375,188.74000549316406,358.95001220703125
2000-05-15,273.1099853515625,189.16000366210938,370.7699890136719
2000-05-22,257.20001220703125,195.1199951171875,369.9599914550781
2000-05-29,277.5899963378906,189.72999572753906,357.05999755859375
2000-06-05,264.1499938964844,189.02000427246094,363.70001220703125
2000-06-12,263.54998779296875,189.77000427246094,382.6600036621094
2000-06-19,256.07000732421875,187.75,377.6499938964844
2000-06-26,262.260009765625,193.9600067138672,401.67999267578125
2000-07-03,274.010009765625,195.05999755859375,399.6499938964844
2000-07-10,279.07000732421875,190.8699951171875,380.80999755859375
2000-07-17,272.2099914550781,193.92999267578125,378.9200134277344
2000-07-24,262.45001220703125,195.02000427246094,383.0299987792969
2000-07-31,264.5400085449219,195.6199951171875,396.0899963378906
2000-08-07,266.1499938964844,199.0500030517578,380.69000244140625
2000-08-14,262.6600036621094,199.3000030517578,375.2900085449219
2000-08-21,262.9800109863281,194.72999572753906,385.489990234375
2000-08-28,257.19000244140625,189.30999755859375,381.07000732421875
2000-09-04,260.7699890136719,192.7899932861328,370.2300109863281
2000-09-11,259.6600036621094,188.0,374.2799987792969
2000-09-18,253.39999389648438,193.38999938964844,398.6600036621094
2000-09-25,248.41000366210938,197.22999572753906,399.70001220703125
2000-10-02,244.02000427246094,204.0,396.5899963378906
2000-10-09,228.30999755859375,202.08999633789062,397.9800109863281
2000-10-16,230.6999969482422,203.58999633789062,402.45001220703125
2000-10-23,230.8800048828125,215.9199981689453,410.7300109863281
2000-10-30,245.99000549316406,216.07000732421875,414.2300109863281
2000-11-06,229.0800018310547,224.8800048828125,423.9599914550781
2000-11-13,235.42999267578125,225.13999938964844,416.29998779296875
2000-11-20,225.3000030517578,223.69000244140625,416.25
2000-11-27,230.66000366210938,226.97000122070312,422.1300048828125
2000-12-04,241.74000549316406,223.77999877929688,422.05999755859375
2000-12-11,232.44000244140625,220.58999633789062,422.7200012207031
2000-12-18,229.9499969482422,229.19000244140625,426.2799987792969
2000-12-25,237.25,238.14999389648438,442.9200134277344
2001-01-01,251.89999389648438,219.39999389648438,397.79998779296875
2001-01-08,256.5299987792969,217.1199951171875,397.20001220703125
2001-01-15,256.5400085449219,216.6999969482422,394.5
2001-01-22,261.2200012207031,219.64999389648438,409.9800109863281
2001-01-29,261.42999267578125,225.67999267578125,412.1600036621094
2001-02-05,252.89999389648438,231.11000061035156,412.80999755859375
2001-02-12,257.25,230.4600067138672,400.7799987792969
2001-02-19,245.85000610351562,224.41000366210938,396.9599914550781
2001-02-26,243.5800018310547,225.44000244140625,404.32000732421875
2001-03-05,250.83999633789062,227.22999572753906,393.0799865722656
2001-03-12,233.5399932861328,215.16000366210938,360.4800109863281
2001-03-19,228.10000610351562,207.22000122070312,353.3299865722656
2001-03-26,236.77000427246094,213.7899932861328,376.44000244140625
2001-04-02,235.22000122070312,208.55999755859375,371.4100036621094
2001-04-09,238.16000366210938,205.80999755859375,372.7200012207031
2001-04-16,256.0199890136719,206.1999969482422,371.8900146484375
2001-04-23,258.7699890136719,213.22000122070312,383.8500061035156
2001-04-30,261.82000732421875,216.3699951171875,385.3800048828125
2001-05-07,263.2799987792969,214.5500030517578,381.5899963378906
2001-05-14,270.9200134277344,216.9199981689453,396.7300109863281
2001-05-21,268.8299865722656,214.05999755859375,385.8800048828125
2001-05-28,264.42999267578125,215.50999450683594,394.7099914550781
2001-06-04,263.9800109863281,213.47999572753906,398.25
2001-06-11,255.13999938964844,207.8699951171875,392.2699890136719
2001-06-18,262.8299865722656,208.4600067138672,389.17999267578125
2001-06-25,259.9800109863281,208.5500030517578,372.25
2001-07-02,250.77999877929688,207.0399932861328,370.1600036621094
2001-07-09,260.94000244140625,206.80999755859375,370.82000732421875
2001-07-16,257.9800109863281,211.02000427246094,387.3699951171875
2001-07-23,259.239990234375,207.05999755859375,381.20001220703125
2001-07-30,261.20001220703125,209.36000061035156,385.3699951171875
2001-08-06,254.19000244140625,210.6199951171875,387.3299865722656
2001-08-13,242.7899932861328,214.77999877929688,386.69000244140625
2001-08-20,246.83999633789062,221.83999633789062,395.19000244140625
2001-08-27,233.02000427246094,218.52999877929688,377.3399963378906
2001-09-03,215.66000366210938,219.6699981689453,374.20001220703125
2001-09-10,215.97000122070312,220.8000030517578,379.1499938964844
2001-09-17,185.75,204.4199981689453,353.2799987792969
2001-09-24,203.44000244140625,214.0500030517578,382.7900085449219
2001-10-01,211.52000427246094,214.9199981689453,389.19000244140625
2001-10-08,216.72999572753906,212.6699981689453,388.67999267578125
2001-10-15,211.88999938964844,214.4499969482422,390.6099853515625
2001-10-22,217.4600067138672,217.1199951171875,390.8500061035156
2001-10-29,215.47000122070312,217.3699951171875,384.1700134277344
2001-11-05,226.13999938964844,217.19000244140625,382.45001220703125
2001-11-12,235.36000061035156,220.7899932861328,386.2200012207031
2001-11-19,237.74000549316406,219.7899932861328,399.6499938964844
2001-11-26,236.22000122070312,217.30999755859375,398.55999755859375
2001-12-03,240.1999969482422,214.42999267578125,396.5799865722656
2001-12-10,234.35000610351562,213.9499969482422,378.7900085449219
2001-12-17,239.02000427246094,220.80999755859375,389.6199951171875
2001-12-24,244.8300018310547,219.44000244140625,390.010009765625
2001-12-31,244.7100067138672,216.14999389648438,380.44000244140625
2002-01-07,238.58999633789062,214.92999267578125,382.45001220703125
2002-01-14,234.4499969482422,218.6199951171875,378.510009765625
2002-01-21,235.08999633789062,218.5800018310547,379.989990234375
2002-01-28,237.08999633789062,220.8300018310547,382.2900085449219
2002-02-04,236.80999755859375,219.9199981689453,375.2200012207031
2002-02-11,240.27999877929688,225.66000366210938,382.0400085449219
2002-02-18,238.4600067138672,228.77000427246094,383.32000732421875
2002-02-25,246.92999267578125,232.8000030517578,388.1000061035156
2002-03-04,250.8800048828125,228.50999450683594,384.7200012207031
2002-03-11,253.92999267578125,232.75999450683594,394.8599853515625
2002-03-18,248.9499969482422,236.74000549316406,385.8599853515625
2002-03-25,246.6699981689453,236.99000549316406,383.1400146484375
2002-04-01,242.97000122070312,236.72999572753906,368.3900146484375
2002-04-08,246.3300018310547,241.7899932861328,370.69000244140625
2002-04-15,246.99000549316406,241.44000244140625,375.4700012207031
2002-04-22,240.14999389648438,241.3800048828125,366.04998779296875
2002-04-29,237.0,245.13999938964844,359.05999755859375
2002-05-06,230.82000732421875,243.94000244140625,349.2200012207031
2002-05-13,247.39999389648438,244.9499969482422,356.80999755859375
2002-05-20,239.8000030517578,241.77000427246094,352.4100036621094
2002-05-27,236.3000030517578,243.36000061035156,351.70001220703125
2002-06-03,229.25,239.91000366210938,335.07000732421875
2002-06-10,223.52000427246094,237.07000732421875,328.1300048828125
2002-06-17,218.0800018310547,236.7899932861328,318.67999267578125
2002-06-24,217.1699981689453,228.52000427246094,319.20001220703125
2002-07-01,218.44000244140625,230.02000427246094,312.6300048828125
2002-07-08,199.91000366210938,212.50999450683594,288.6099853515625
2002-07-15,180.7100067138672,192.5,264.010009765625
2002-07-22,182.9199981689453,209.58999633789062,289.30999755859375
2002-07-29,177.67999267578125,216.08999633789062,301.45001220703125
2002-08-05,183.47000122070312,223.38999938964844,315.8800048828125
2002-08-12,195.16000366210938,225.7100067138672,315.1600036621094
2002-08-19,199.8300018310547,223.30999755859375,324.20001220703125
2002-08-26,196.52999877929688,220.02999877929688,315.55999755859375
2002-09-02,196.27999877929688,216.42999267578125,306.6600036621094
2002-09-09,198.0,218.30999755859375,308.2200012207031
2002-09-16,191.9499969482422,208.8000030517578,296.5400085449219
2002-09-23,185.6199951171875,205.17999267578125,296.0199890136719
2002-09-30,177.22999572753906,205.02000427246094,294.3900146484375
2002-10-07,180.88999938964844,210.6999969482422,306.3500061035156
2002-10-14,191.44000244140625,213.64999389648438,324.8399963378906
2002-10-21,198.72999572753906,213.50999450683594,318.8399963378906
2002-10-28,191.0800018310547,212.17999267578125,315.4200134277344
2002-11-04,191.2899932861328,207.92999267578125,322.1300048828125
2002-11-11,197.33999633789062,208.6300048828125,321.8399963378906
2002-11-18,197.49000549316406,206.02000427246094,323.1099853515625
2002-11-25,200.3300018310547,204.14999389648438,320.29998779296875
2002-12-02,192.94000244140625,206.75999450683594,317.8500061035156
2002-12-09,185.19000244140625,205.72000122070312,311.989990234375
2002-12-16,184.97000122070312,204.91000366210938,310.1099853515625
2002-12-23,179.33999633789062,203.67999267578125,304.1700134277344
2002-12-30,185.17999267578125,208.1199951171875,320.5199890136719
2003-01-06,192.02999877929688,208.94000244140625,319.95001220703125
2003-01-13,187.24000549316406,210.5500030517578,314.0899963378906
2003-01-20,178.88999938964844,200.47999572753906,305.1300048828125
2003-01-27,176.72999572753906,197.10000610351562,307.0400085449219
2003-02-03,170.52999877929688,193.42999267578125,298.8399963378906
2003-02-10,172.69000244140625,195.02999877929688,294.1099853515625
2003-02-17,175.0500030517578,194.49000549316406,300.2799987792969
2003-02-24,175.14999389648438,191.3800048828125,301.0899963378906
2003-03-03,171.0399932861328,185.83999633789062,302.32000732421875
2003-03-10,174.35000610351562,189.1999969482422,295.3299865722656
2003-03-17,191.52000427246094,199.42999267578125,318.6199951171875
2003-03-24,183.19000244140625,192.1999969482422,314.9800109863281
2003-03-31,188.2100067138672,192.83999633789062,320.05999755859375
2003-04-07,188.47999572753906,193.86000061035156,311.54998779296875
2003-04-14,195.1300048828125,195.39999389648438,310.4800109863281
2003-04-21,195.5,193.19000244140625,316.4200134277344
2003-04-28,200.74000549316406,196.94000244140625,327.79998779296875
2003-05-05,202.66000366210938,199.35000610351562,327.79998779296875
2003-05-12,204.7899932861328,198.02999877929688,333.1300048828125
2003-05-19,201.7899932861328,201.52999877929688,322.1099853515625
2003-05-26,210.72000122070312,204.97000122070312,327.1600036621094
2003-06-02,216.19000244140625,208.0,338.2099914550781
2003-06-09,216.80999755859375,208.42999267578125,340.0899963378906
2003-06-16,215.9600067138672,207.77000427246094,351.3399963378906
2003-06-23,212.6199951171875,206.16000366210938,343.1000061035156
2003-06-30,214.9499969482422,208.14999389648438,343.5
2003-07-07,219.97000122070312,208.08999633789062,344.54998779296875
2003-07-14,219.0800018310547,207.5500030517578,342.3500061035156
2003-07-21,219.5,207.14999389648438,338.9100036621094
2003-07-28,217.0800018310547,203.22999572753906,330.6300048828125
2003-08-04,217.0399932861328,205.92999267578125,331.4599914550781
2003-08-11,221.22999572753906,207.63999938964844,327.1600036621094
2003-08-18,224.52999877929688,205.1300048828125,318.9200134277344
2003-08-25,229.0800018310547,208.9600067138672,322.82000732421875
2003-09-01,230.07000732421875,210.52000427246094,325.55999755859375
2003-09-08,224.4499969482422,209.4199981689453,335.4100036621094
2003-09-15,228.2100067138672,211.8800048828125,333.8299865722656
2003-09-22,218.6300048828125,208.63999938964844,322.239990234375
2003-09-29,227.4199981689453,213.2899932861328,328.8800048828125
2003-10-06,232.0800018310547,214.72000122070312,325.739990234375
2003-10-13,231.8000030517578,215.3000030517578,324.82000732421875
2003-10-20,229.63999938964844,214.27000427246094,324.30999755859375
2003-10-27,237.5,218.00999450683594,325.989990234375
2003-11-03,239.97000122070312,219.4499969482422,320.4700012207031
2003-11-10,236.0500030517578,217.00999450683594,336.239990234375
2003-11-17,232.42999267578125,216.49000549316406,328.32000732421875
2003-11-24,239.50999450683594,219.85000610351562,330.7200012207031
2003-12-01,235.4600067138672,218.61000061035156,335.4599914550781
2003-12-08,239.3300018310547,219.2899932861328,339.3900146484375
2003-12-15,243.67999267578125,220.25999450683594,343.260009765625
2003-12-22,244.97999572753906,220.66000366210938,344.5899963378906
2003-12-29,246.67999267578125,221.58999633789062,351.2200012207031
2004-01-05,248.69000244140625,219.77000427246094,351.5199890136719
2004-01-12,250.49000549316406,221.35000610351562,353.4200134277344
2004-01-19,253.1300048828125,222.80999755859375,357.17999267578125
2004-01-26,246.66000366210938,223.69000244140625,359.1600036621094
2004-02-02,249.5800018310547,230.4199981689453,368.2699890136719
2004-02-09,250.42999267578125,229.82000732421875,365.9200134277344
2004-02-16,250.9499969482422,234.75,363.2300109863281
2004-02-23,251.64999389648438,236.3699951171875,361.6400146484375
2004-03-01,255.52000427246094,237.72000122070312,365.55999755859375
2004-03-08,247.7100067138672,232.1699981689453,350.9100036621094
2004-03-15,246.10000610351562,231.52000427246094,343.29998779296875
2004-03-22,247.1999969482422,231.08999633789062,340.7099914550781
2004-03-29,253.88999938964844,235.0,353.9200134277344
2004-04-05,253.05999755859375,234.61000061035156,353.1700134277344
2004-04-12,251.69000244140625,237.3800048828125,364.739990234375
2004-04-19,254.61000061035156,238.9199981689453,362.8800048828125
2004-04-26,247.19000244140625,237.6199951171875,357.1499938964844
2004-05-03,239.9600067138672,235.0,360.70001220703125
2004-05-10,240.02999877929688,231.8800048828125,356.4800109863281
2004-05-17,240.75999450683594,231.24000549316406,349.4599914550781
2004-05-24,248.88999938964844,234.4199981689453,355.8800048828125
2004-05-31,249.25999450683594,236.3699951171875,359.9100036621094
2004-06-07,252.85000610351562,238.57000732421875,359.9200134277344
2004-06-14,252.02999877929688,236.52999877929688,358.260009765625
2004-06-21,251.08999633789062,232.74000549316406,351.6300048828125
2004-06-28,247.27999877929688,232.86000061035156,349.2799987792969
2004-07-05,242.60000610351562,233.30999755859375,344.25
2004-07-12,239.42999267578125,232.47999572753906,340.4599914550781
2004-07-19,237.3800048828125,225.10000610351562,334.6099853515625
2004-07-26,240.0399932861328,223.2899932861328,335.42999267578125
2004-08-02,230.41000366210938,220.19000244140625,323.4100036621094
2004-08-09,229.08999633789062,224.63999938964844,327.5199890136719
2004-08-16,240.55999755859375,227.49000549316406,337.94000244140625
2004-08-23,241.6300048828125,228.25,342.4800109863281
2004-08-30,243.75,230.5399932861328,344.57000732421875
2004-09-06,245.7899932861328,228.16000366210938,343.760009765625
2004-09-13,248.05999755859375,224.97999572753906,346.4599914550781
2004-09-20,246.4600067138672,218.9600067138672,338.8900146484375
2004-09-27,249.74000549316406,222.9499969482422,337.6600036621094
2004-10-04,249.00999450683594,219.9499969482422,325.80999755859375
2004-10-11,247.88999938964844,219.10000610351562,321.2900085449219
2004-10-18,247.3800048828125,217.82000732421875,313.4599914550781
2004-10-25,256.5400085449219,222.0399932861328,326.8699951171875
2004-11-01,265.82000732421875,232.3300018310547,333.3500061035156
2004-11-08,270.2699890136719,234.85000610351562,334.7300109863281
2004-11-15,266.0400085449219,232.02999877929688,329.04998779296875
2004-11-22,271.20001220703125,232.82000732421875,331.0899963378906
2004-11-29,270.1499938964844,233.30999755859375,339.1400146484375
2004-12-06,270.8900146484375,234.22000122070312,341.1199951171875
2004-12-13,272.29998779296875,234.24000549316406,344.9200134277344
2004-12-20,275.2799987792969,236.1999969482422,347.489990234375
2004-12-27,278.8999938964844,236.99000549316406,350.4800109863281
2005-01-03,271.239990234375,237.4600067138672,345.7200012207031
2005-01-10,272.6199951171875,238.60000610351562,344.67999267578125
2005-01-17,266.1700134277344,237.97999572753906,340.69000244140625
2005-01-24,264.29998779296875,239.42999267578125,338.9599914550781
2005-01-31,269.95001220703125,243.74000549316406,345.94000244140625
2005-02-07,269.5799865722656,241.74000549316406,347.25
2005-02-14,268.4800109863281,241.1300048828125,351.55999755859375
2005-02-21,266.6700134277344,240.55999755859375,354.54998779296875
2005-02-28,270.0799865722656,243.63999938964844,354.57000732421875
2005-03-07,265.760009765625,238.32000732421875,348.6700134277344
2005-03-14,264.2900085449219,237.30999755859375,344.05999755859375
2005-03-21,259.7200012207031,235.38999938964844,346.20001220703125
2005-03-28,260.0,234.67999267578125,344.1099853515625
2005-04-04,260.2300109863281,237.17999267578125,353.4100036621094
2005-04-11,248.41000366210938,235.02000427246094,357.70001220703125
2005-04-18,247.63999938964844,232.75,354.3900146484375
2005-04-25,245.4600067138672,234.32000732421875,358.5299987792969
2005-05-02,251.1199951171875,238.0800018310547,362.4700012207031
2005-05-09,248.25999450683594,235.22999572753906,360.2300109863281
2005-05-16,259.5799865722656,241.66000366210938,364.1000061035156
2005-05-23,261.55999755859375,240.4600067138672,363.7300109863281
2005-05-30,260.8500061035156,239.52999877929688,361.4800109863281
2005-06-06,261.3500061035156,239.9600067138672,360.0899963378906
2005-06-13,266.3399963378906,240.27000427246094,367.260009765625
2005-06-20,259.9800109863281,233.9499969482422,361.1499938964844
2005-06-27,259.67999267578125,234.77999877929688,359.1499938964844
2005-07-04,264.3299865722656,236.4499969482422,363.30999755859375
2005-07-11,269.8699951171875,240.63999938964844,365.2900085449219
2005-07-18,273.3900146484375,240.3000030517578,364.70001220703125
2005-07-25,273.760009765625,241.5,368.0899963378906
2005-08-01,269.3699951171875,238.44000244140625,365.7900085449219
2005-08-08,272.07000732421875,237.64999389648438,367.6600036621094
2005-08-15,267.6199951171875,238.7100067138672,363.6199951171875
2005-08-22,263.760009765625,236.36000061035156,359.05999755859375
2005-08-29,260.57000732421875,237.38999938964844,365.8999938964844
2005-09-05,266.6099853515625,240.5500030517578,374.9800109863281
2005-09-12,261.8699951171875,238.6999969482422,371.3800048828125
2005-09-19,254.77999877929688,234.39999389648438,364.69000244140625
2005-09-26,256.4100036621094,240.47000122070312,363.7699890136719
2005-10-03,250.33999633789062,235.83999633789062,356.07000732421875
2005-10-10,247.8800048828125,235.1199951171875,357.3800048828125
2005-10-17,246.86000061035156,235.75999450683594,350.3900146484375
2005-10-24,247.47999572753906,238.1999969482422,350.7900085449219
2005-10-31,256.8800048828125,239.02000427246094,355.20001220703125
2005-11-07,260.5299987792969,242.3800048828125,360.0799865722656
2005-11-14,261.5299987792969,241.08999633789062,361.2699890136719
2005-11-21,265.4700012207031,244.42999267578125,361.0400085449219
2005-11-28,264.7300109863281,242.36000061035156,360.20001220703125
2005-12-05,262.6199951171875,240.52999877929688,360.0
2005-12-12,264.1099853515625,245.88999938964844,367.1499938964844
2005-12-19,261.80999755859375,244.0500030517578,374.19000244140625
2005-12-26,258.3900146484375,240.1699981689453,367.5
2006-01-02,263.7300109863281,242.35000610351562,377.489990234375
2006-01-09,265.510009765625,241.99000549316406,375.7200012207031
2006-01-16,260.3299865722656,238.33999633789062,370.3299865722656
2006-01-23,264.2200012207031,242.05999755859375,374.4200134277344
2006-01-30,262.0400085449219,238.85000610351562,370.6000061035156
2006-02-06,262.7900085449219,239.0800018310547,370.42999267578125
2006-02-13,265.7900085449219,243.44000244140625,378.20001220703125
2006-02-20,264.20001220703125,244.07000732421875,377.7200012207031
2006-02-27,264.1600036621094,242.3800048828125,374.0299987792969
2006-03-06,263.1600036621094,247.80999755859375,374.6700134277344
2006-03-13,268.4700012207031,247.1199951171875,379.5199890136719
2006-03-20,266.8299865722656,246.91000366210938,378.8699951171875
2006-03-27,265.3399963378906,242.52000427246094,370.6600036621094
2006-04-03,267.25,240.9199981689453,362.6099853515625
2006-04-10,265.3699951171875,239.11000061035156,359.3900146484375
2006-04-17,265.8800048828125,240.13999938964844,360.7099914550781
2006-04-24,268.7099914550781,244.00999450683594,358.7300109863281
2006-05-01,273.0400085449219,246.5399932861328,356.4800109863281
2006-05-08,269.1700134277344,242.82000732421875,351.4700012207031
2006-05-15,265.7200012207031,242.50999450683594,350.5899963378906
2006-05-22,265.6099853515625,247.8300018310547,353.3800048828125
2006-05-29,267.489990234375,245.99000549316406,356.82000732421875
2006-06-05,260.9200134277344,243.82000732421875,352.0
2006-06-12,261.3500061035156,244.24000549316406,351.79998779296875
2006-06-19,259.25,244.50999450683594,347.5
2006-06-26,263.4100036621094,248.1199951171875,350.69000244140625
2006-07-03,259.6000061035156,250.1300048828125,352.7099914550781
2006-07-10,247.82000732421875,247.0,347.5400085449219
2006-07-17,247.44000244140625,250.80999755859375,358.8399963378906
2006-07-24,254.60000610351562,253.75,371.44000244140625
2006-07-31,256.25,254.27000427246094,369.17999267578125
2006-08-07,252.5399932861328,255.35000610351562,365.6300048828125
2006-08-14,260.6000061035156,258.5899963378906,374.1000061035156
2006-08-21,253.8699951171875,258.8900146484375,376.1700134277344
2006-08-28,261.9200134277344,263.1000061035156,381.4599914550781
2006-09-04,262.1400146484375,262.0400085449219,378.17999267578125
2006-09-11,271.9100036621094,263.010009765625,384.70001220703125
2006-09-18,271.07000732421875,261.95001220703125,381.8900146484375
2006-09-25,275.8399963378906,260.75,384.9200134277344
2006-10-02,283.1600036621094,260.2200012207031,385.8500061035156
2006-10-09,288.8399963378906,259.8800048828125,383.9100036621094
2006-10-16,287.55999755859375,262.3699951171875,392.6099853515625
2006-10-23,292.6099853515625,266.29998779296875,389.7799987792969
2006-10-30,288.7300109863281,261.57000732421875,383.6000061035156
2006-11-06,294.3399963378906,262.04998779296875,376.4599914550781
2006-11-13,300.0199890136719,265.44000244140625,384.8999938964844
2006-11-20,298.8500061035156,263.9200134277344,381.55999755859375
2006-11-27,296.0899963378906,261.9599914550781,384.8800048828125
2006-12-04,300.8699951171875,267.3399963378906,384.6099853515625
2006-12-11,303.5199890136719,268.45001220703125,388.1000061035156
2006-12-18,301.739990234375,267.6199951171875,387.260009765625
2006-12-25,302.9200134277344,268.4100036621094,388.739990234375
2007-01-01,301.7099914550781,268.6600036621094,390.8900146484375
2007-01-08,309.8900146484375,272.7200012207031,397.239990234375
2007-01-15,312.80999755859375,273.6300048828125,402.4200134277344
2007-01-22,306.5299987792969,271.9800109863281,396.6600036621094
2007-01-29,313.25,274.55999755859375,402.989990234375
2007-02-05,311.2200012207031,271.55999755859375,399.5199890136719
2007-02-12,314.7300109863281,275.3500061035156,402.29998779296875
2007-02-19,314.1700134277344,274.04998779296875,398.1600036621094
2007-02-26,297.92999267578125,265.5400085449219,385.4200134277344
2007-03-05,301.1600036621094,268.3299865722656,389.010009765625
2007-03-12,295.1499938964844,265.9599914550781,384.0400085449219
2007-03-19,304.9200134277344,273.4599914550781,394.19000244140625
2007-03-26,299.92999267578125,272.67999267578125,391.1499938964844
2007-04-02,306.19000244140625,277.4800109863281,401.6400146484375
2007-04-09,306.9100036621094,277.94000244140625,410.8800048828125
2007-04-16,311.989990234375,283.1199951171875,420.0299987792969
2007-04-23,311.5,281.8399963378906,420.6499938964844
2007-04-30,311.1000061035156,281.3800048828125,425.4599914550781
2007-05-07,309.8999938964844,278.7699890136719,420.1700134277344
2007-05-14,313.760009765625,283.5799865722656,424.2099914550781
2007-05-21,313.0199890136719,282.489990234375,424.260009765625
2007-05-28,317.57000732421875,287.17999267578125,425.4700012207031
2007-06-04,310.5400085449219,282.32000732421875,415.1300048828125
2007-06-11,313.9100036621094,282.57000732421875,418.54998779296875
2007-06-18,310.1700134277344,277.2799987792969,405.6600036621094
2007-06-25,310.2099914550781,278.44000244140625,409.010009765625
2007-07-02,317.07000732421875,280.94000244140625,413.760009765625
2007-07-09,316.44000244140625,284.5799865722656,417.5799865722656
2007-07-16,311.57000732421875,280.1300048828125,408.4800109863281
2007-07-23,292.9700012207031,272.5799865722656,391.69000244140625
2007-07-30,287.1199951171875,273.05999755859375,391.2799987792969
2007-08-06,288.29998779296875,279.0799865722656,394.75
2007-08-13,281.8599853515625,276.8900146484375,393.0799865722656
2007-08-20,290.95001220703125,279.7099914550781,400.45001220703125
2007-08-27,292.82000732421875,278.510009765625,399.8399963378906
2007-09-03,283.45001220703125,275.3500061035156,397.2099914550781
2007-09-10,289.6199951171875,281.6400146484375,404.0199890136719
2007-09-17,293.30999755859375,286.54998779296875,411.6499938964844
2007-09-24,289.95001220703125,290.1000061035156,411.5799865722656
2007-10-01,299.989990234375,290.2799987792969,420.2699890136719
2007-10-08,298.44000244140625,292.8699951171875,420.2300109863281
2007-10-15,284.0299987792969,287.4700012207031,408.8299865722656
2007-10-22,287.8800048828125,294.1199951171875,414.3900146484375
2007-10-29,281.6000061035156,290.739990234375,411.239990234375
2007-11-05,268.29998779296875,290.17999267578125,404.6199951171875
2007-11-12,268.2300109863281,297.6700134277344,412.8299865722656
2007-11-19,263.989990234375,296.8699951171875,409.0400085449219
2007-11-26,273.0299987792969,303.3299865722656,422.80999755859375
2007-12-03,273.80999755859375,305.4700012207031,425.20001220703125
2007-12-10,261.7300109863281,301.9700012207031,415.010009765625
2007-12-17,263.1400146484375,303.8699951171875,417.8999938964844
2007-12-24,260.2200012207031,302.67999267578125,413.3599853515625
2007-12-31,243.5800018310547,292.92999267578125,404.1600036621094
2008-01-07,238.86000061035156,295.75,423.67999267578125
2008-01-14,234.33999633789062,283.5899963378906,403.1199951171875
2008-01-21,243.55999755859375,277.8900146484375,382.2300109863281
2008-01-28,259.8699951171875,286.1400146484375,393.5299987792969
2008-02-04,248.3300018310547,280.010009765625,383.5299987792969
2008-02-11,253.32000732421875,284.7900085449219,386.6300048828125
2008-02-18,252.72999572753906,285.760009765625,384.05999755859375
2008-02-25,245.67999267578125,282.8299865722656,379.69000244140625
2008-03-03,237.82000732421875,281.3999938964844,367.5799865722656
2008-03-10,235.0,280.1700134277344,354.79998779296875
2008-03-17,247.25999450683594,288.1700134277344,364.3800048828125
2008-03-24,240.74000549316406,291.67999267578125,364.0799865722656
2008-03-31,252.5,293.80999755859375,369.67999267578125
2008-04-07,243.30999755859375,289.3599853515625,365.9100036621094
2008-04-14,252.75999450683594,290.9100036621094,367.75
2008-04-21,255.08999633789062,289.79998779296875,369.6499938964844
2008-04-28,261.44000244140625,291.55999755859375,372.739990234375
2008-05-05,253.75999450683594,287.42999267578125,363.8900146484375
2008-05-12,263.3500061035156,294.0199890136719,367.1199951171875
2008-05-19,249.44000244140625,290.5899963378906,363.8699951171875
2008-05-26,254.77999877929688,293.82000732421875,372.1400146484375
2008-06-02,246.0800018310547,287.94000244140625,363.6000061035156
2008-06-09,249.16000366210938,289.9200134277344,360.4700012207031
2008-06-16,236.5,279.8500061035156,351.20001220703125
2008-06-23,225.6300048828125,273.8699951171875,351.1199951171875
2008-06-30,220.22000122070312,277.25,355.30999755859375
2008-07-07,211.2899932861328,278.4700012207031,359.9800109863281
2008-07-14,225.0800018310547,278.260009765625,367.4800109863281
2008-07-21,224.1300048828125,280.29998779296875,372.0799865722656
2008-07-28,223.32000732421875,282.7699890136719,368.3800048828125
2008-08-04,240.57000732421875,294.6400146484375,387.2799987792969
2008-08-11,246.25,298.989990234375,390.17999267578125
2008-08-18,241.5500030517578,295.82000732421875,385.8900146484375
2008-08-25,240.3000030517578,289.9800109863281,378.4700012207031
2008-09-01,238.4499969482422,292.3599853515625,367.760009765625
2008-09-08,244.24000549316406,300.79998779296875,373.8699951171875
2008-09-15,240.86000061035156,292.5,364.45001220703125
2008-09-22,230.32000732421875,290.04998779296875,362.6199951171875
2008-09-29,204.50999450683594,283.3699951171875,346.75
2008-10-06,167.1199951171875,238.1999969482422,282.8599853515625
2008-10-13,170.0800018310547,246.9199981689453,307.6499938964844
2008-10-20,152.77000427246094,234.1699981689453,296.9599914550781
2008-10-27,178.6199951171875,253.67999267578125,312.6700134277344
2008-11-03,166.02000427246094,250.57000732421875,307.54998779296875
2008-11-10,150.69000244140625,241.92999267578125,297.8999938964844
2008-11-17,137.66000366210938,237.17999267578125,273.2900085449219
2008-11-24,161.14999389648438,248.57000732421875,290.2099914550781
2008-12-01,166.00999450683594,245.80999755859375,292.1199951171875
2008-12-08,164.7899932861328,238.4199981689453,291.6600036621094
2008-12-15,168.52999877929688,242.05999755859375,304.20001220703125
2008-12-22,163.55999755859375,241.7899932861328,301.6400146484375
2008-12-29,177.3300018310547,250.97999572753906,316.2200012207031
2009-01-05,169.83999633789062,238.75999450683594,304.7099914550781
2009-01-12,162.8000030517578,237.5800018310547,303.9599914550781
2009-01-19,154.7899932861328,232.39999389648438,303.8500061035156
2009-01-26,151.3800048828125,227.75999450683594,305.4100036621094
2009-02-02,158.83999633789062,232.47999572753906,318.6499938964844
2009-02-09,149.63999938964844,223.5800018310547,311.010009765625
2009-02-16,140.3699951171875,220.3000030517578,300.489990234375
2009-02-23,138.22000122070312,211.27000427246094,266.19000244140625
2009-03-02,127.30000305175781,203.4499969482422,255.57000732421875
2009-03-09,142.67999267578125,212.74000549316406,279.8699951171875
2009-03-16,146.0399932861328,214.55999755859375,274.8500061035156
2009-03-23,158.8300018310547,224.1699981689453,283.5400085449219
2009-03-30,168.8699951171875,226.35000610351562,278.1199951171875
2009-04-06,173.24000549316406,224.94000244140625,281.6000061035156
2009-04-13,177.60000610351562,227.9199981689453,287.260009765625
2009-04-20,180.02999877929688,221.63999938964844,276.6300048828125
2009-04-27,182.3000030517578,226.44000244140625,280.1600036621094
2009-05-04,188.66000366210938,232.4600067138672,295.739990234375
2009-05-11,174.99000549316406,231.02000427246094,292.8699951171875
2009-05-18,176.8800048828125,235.8300018310547,291.44000244140625
2009-05-25,179.47000122070312,236.02000427246094,296.4800109863281
2009-06-01,188.0399932861328,242.72000122070312,296.4200134277344
2009-06-08,187.5500030517578,241.16000366210938,297.0
2009-06-15,182.02000427246094,237.4600067138672,303.25
2009-06-22,181.11000061035156,238.60000610351562,307.260009765625
2009-06-29,176.0800018310547,238.16000366210938,299.29998779296875
2009-07-06,173.75,237.35000610351562,298.5
2009-07-13,187.0800018310547,247.52000427246094,307.2099914550781
2009-07-20,196.77999877929688,252.19000244140625,323.94000244140625
2009-07-27,199.22000122070312,252.85000610351562,324.1099853515625
2009-08-03,209.10000610351562,250.77000427246094,321.9100036621094
2009-08-10,203.47999572753906,250.60000610351562,323.010009765625
2009-08-17,207.33999633789062,254.9600067138672,332.3299865722656
2009-08-24,209.0500030517578,253.89999389648438,331.239990234375
2009-08-31,206.2899932861328,255.4600067138672,330.07000732421875
2009-09-07,212.3800048828125,259.69000244140625,334.3500061035156
2009-09-14,219.9600067138672,262.9700012207031,335.9599914550781
2009-09-21,212.1300048828125,260.42999267578125,330.8900146484375
2009-09-28,208.77000427246094,262.1700134277344,327.3999938964844
2009-10-05,219.11000061035156,267.9200134277344,335.5899963378906
2009-10-12,222.63999938964844,272.3999938964844,339.3399963378906
2009-10-19,222.07000732421875,268.57000732421875,333.7099914550781
2009-10-26,211.10000610351562,265.94000244140625,326.05999755859375
2009-11-02,221.02000427246094,270.6199951171875,338.3999938964844
2009-11-09,228.2899932861328,275.8399963378906,345.17999267578125
2009-11-16,225.67999267578125,277.4700012207031,351.7300109863281
2009-11-23,226.11000061035156,277.4700012207031,356.4100036621094
2009-11-30,228.97000122070312,278.8599853515625,359.2099914550781
2009-12-07,233.3300018310547,278.25,362.0400085449219
2009-12-14,233.4199981689453,272.54998779296875,361.1300048828125
2009-12-21,237.9499969482422,277.0,366.0
2009-12-28,235.07000732421875,274.29998779296875,362.2200012207031
2010-01-04,239.60000610351562,274.8699951171875,369.3500061035156
2010-01-11,236.50999450683594,277.3399963378906,374.8399963378906
2010-01-18,229.10000610351562,271.29998779296875,367.69000244140625
2010-01-25,228.1300048828125,270.8800048828125,363.75
2010-02-01,226.61000061035156,268.5199890136719,357.6099853515625
2010-02-08,230.2899932861328,272.6099853515625,357.94000244140625
2010-02-15,238.25999450683594,280.1099853515625,365.0799865722656
2010-02-22,240.22000122070312,278.19000244140625,363.7900085449219
2010-03-01,249.67999267578125,284.1099853515625,370.5899963378906
2010-03-08,253.16000366210938,282.239990234375,368.9700012207031
2010-03-15,254.67999267578125,286.82000732421875,374.4800109863281
2010-03-22,260.70001220703125,287.8299865722656,370.45001220703125
2010-03-29,260.6000061035156,289.5799865722656,374.75
2010-04-05,267.7200012207031,288.6300048828125,372.1700134277344
2010-04-12,270.489990234375,287.30999755859375,366.8500061035156
2010-04-19,281.6400146484375,287.82000732421875,363.5
2010-04-26,274.2699890136719,283.6400146484375,358.1199951171875
2010-05-03,253.44000244140625,275.239990234375,344.19000244140625
2010-05-10,260.20001220703125,280.5799865722656,346.5199890136719
2010-05-17,249.9199981689453,273.2300109863281,333.1099853515625
2010-05-24,254.67999267578125,270.2099914550781,333.0799865722656
2010-05-31,247.89999389648438,267.510009765625,328.7900085449219
2010-06-07,253.61000061035156,271.20001220703125,336.70001220703125
2010-06-14,256.1400146484375,275.25,343.2300109863281
2010-06-21,242.47999572753906,265.6400146484375,335.7699890136719
2010-06-28,228.88999938964844,262.3999938964844,325.07000732421875
2010-07-05,239.36000061035156,272.9599914550781,336.6400146484375
2010-07-12,236.55999755859375,273.239990234375,332.1700134277344
2010-07-19,248.4499969482422,279.7300109863281,329.92999267578125
2010-07-26,247.47999572753906,277.9700012207031,331.0
2010-08-02,252.49000549316406,279.7200012207031,344.1400146484375
2010-08-09,242.27000427246094,276.3299865722656,336.6300048828125
2010-08-16,243.2899932861328,275.4700012207031,332.1099853515625
2010-08-23,241.4600067138672,275.32000732421875,330.0799865722656
2010-08-30,253.6199951171875,281.3900146484375,337.3599853515625
2010-09-06,253.7899932861328,283.8399963378906,344.0
2010-09-13,258.1300048828125,285.54998779296875,347.5400085449219
2010-09-20,265.6400146484375,289.95001220703125,355.8900146484375
2010-09-27,263.760009765625,289.05999755859375,353.92999267578125
2010-10-04,270.6700134277344,291.30999755859375,356.94000244140625
2010-10-11,273.3900146484375,295.45001220703125,361.20001220703125
2010-10-18,275.4599914550781,296.79998779296875,362.260009765625
2010-10-25,277.5,296.3800048828125,361.0
2010-11-01,287.5299987792969,300.5,364.30999755859375
2010-11-08,283.8299865722656,296.6600036621094,358.0
2010-11-15,285.4200134277344,297.82000732421875,358.29998779296875
2010-11-22,286.6499938964844,294.6300048828125,353.6600036621094
2010-11-29,294.4599914550781,297.3599853515625,358.94000244140625
2010-12-06,295.07000732421875,300.0799865722656,361.04998779296875
2010-12-13,294.8599853515625,304.9800109863281,366.6000061035156
2010-12-20,296.7099914550781,304.2799987792969,366.8599853515625
2010-12-27,295.5400085449219,303.5799865722656,364.7799987792969
2011-01-03,296.7099914550781,300.25,370.6000061035156
2011-01-10,299.42999267578125,303.4800109863281,371.7200012207031
2011-01-17,298.92999267578125,304.2099914550781,372.8500061035156
2011-01-24,293.1300048828125,299.0400085449219,365.70001220703125
2011-01-31,301.75,301.989990234375,373.6600036621094
2011-02-07,312.0,304.260009765625,373.7699890136719
2011-02-14,315.7900085449219,306.7200012207031,378.4800109863281
2011-02-21,308.6499938964844,304.1400146484375,372.989990234375
2011-02-28,309.07000732421875,304.07000732421875,382.2699890136719
2011-03-07,307.1199951171875,305.7699890136719,376.9800109863281
2011-03-14,297.25,299.8999938964844,371.04998779296875
2011-03-21,306.7799987792969,306.42999267578125,378.1499938964844
2011-03-28,311.260009765625,310.989990234375,384.9700012207031
2011-04-04,308.80999755859375,312.260009765625,385.9200134277344
2011-04-11,310.19000244140625,318.6499938964844,392.2799987792969
2011-04-18,314.8599853515625,318.4100036621094,395.7300109863281
2011-04-25,320.3800048828125,324.45001220703125,407.5899963378906
2011-05-02,318.010009765625,323.739990234375,410.1199951171875
2011-05-09,320.3900146484375,330.4800109863281,416.75
2011-05-16,317.92999267578125,332.5,416.25
2011-05-23,317.0,329.7099914550781,411.19000244140625
2011-05-30,306.6199951171875,321.9100036621094,405.94000244140625
2011-06-06,298.239990234375,317.79998779296875,401.2900085449219
2011-06-13,300.3599853515625,321.6199951171875,403.0400085449219
2011-06-20,304.20001220703125,316.0199890136719,401.2300109863281
2011-06-27,324.1600036621094,325.0799865722656,416.1499938964844
2011-07-04,325.6600036621094,326.7799987792969,412.8399963378906
2011-07-11,318.4800109863281,323.6000061035156,407.1099853515625
2011-07-18,324.489990234375,326.7099914550781,411.6000061035156
2011-07-25,313.2099914550781,317.3399963378906,394.7099914550781
2011-08-01,287.760009765625,309.2900085449219,367.7799987792969
2011-08-08,284.7200012207031,306.1300048828125,365.3800048828125
2011-08-15,268.760009765625,304.8599853515625,357.9599914550781
2011-08-22,284.95001220703125,311.30999755859375,371.8999938964844
2011-08-29,284.25,313.0299987792969,373.9800109863281
2011-09-05,278.8599853515625,308.94000244140625,368.5799865722656
2011-09-12,296.8800048828125,319.7799987792969,381.8500061035156
2011-09-19,282.3800048828125,305.2099914550781,365.0299987792969
2011-09-26,275.5299987792969,306.7099914550781,367.7300109863281
2011-10-03,287.1499938964844,309.8599853515625,370.0
2011-10-10,305.5199890136719,317.0299987792969,380.4599914550781
2011-10-17,307.8699951171875,323.29998779296875,381.75
2011-10-24,311.4200134277344,324.1600036621094,396.1600036621094
2011-10-31,307.5,319.17999267578125,384.4100036621094
2011-11-07,311.4700012207031,323.67999267578125,393.8599853515625
2011-11-14,298.8500061035156,319.760009765625,379.3900146484375
2011-11-21,286.7200012207031,312.0899963378906,365.5199890136719
2011-11-28,309.1300048828125,326.3599853515625,387.3999938964844
2011-12-05,309.79998779296875,328.1199951171875,389.8399963378906
2011-12-12,300.42999267578125,326.2300109863281,388.2900085449219
2011-12-19,310.1000061035156,336.9599914550781,402.5199890136719
2011-12-26,308.5799865722656,335.5400085449219,402.6099853515625
2012-01-02,316.5299987792969,332.1600036621094,406.3999938964844
2012-01-09,317.6499938964844,330.4599914550781,408.8699951171875
2012-01-16,324.9800109863281,333.0299987792969,414.1000061035156
2012-01-23,327.4700012207031,331.45001220703125,414.1400146484375
2012-01-30,333.8900146484375,334.510009765625,418.3599853515625
2012-02-06,334.6099853515625,335.3800048828125,414.30999755859375
2012-02-13,339.67999267578125,339.20001220703125,418.44000244140625
2012-02-20,338.8999938964844,339.260009765625,417.4599914550781
2012-02-27,343.5,340.6499938964844,418.9100036621094
2012-03-05,347.3599853515625,343.0199890136719,421.0899963378906
2012-03-12,350.8999938964844,345.989990234375,426.739990234375
2012-03-19,353.19000244140625,347.8500061035156,424.239990234375
2012-03-26,357.4200134277344,351.8800048828125,435.8900146484375
2012-04-02,356.0299987792969,351.0899963378906,434.4100036621094
2012-04-09,352.2900085449219,346.489990234375,423.3900146484375
2012-04-16,353.6199951171875,353.5899963378906,431.6099853515625
2012-04-23,362.7300109863281,353.2799987792969,434.5799865722656
2012-04-30,355.05999755859375,351.0,427.8299865722656
2012-05-07,351.0799865722656,350.67999267578125,428.8599853515625
2012-05-14,332.30999755859375,345.3299865722656,417.05999755859375
2012-05-21,342.260009765625,349.07000732421875,420.45001220703125
2012-05-28,330.4100036621094,341.989990234375,411.32000732421875
2012-06-04,342.20001220703125,350.30999755859375,422.44000244140625
2012-06-11,342.8800048828125,355.2799987792969,429.95001220703125
2012-06-18,342.67999267578125,350.6000061035156,433.6499938964844
2012-06-25,344.8500061035156,357.6000061035156,439.0199890136719
2012-07-02,346.1700134277344,360.8699951171875,436.0899963378906
2012-07-09,344.760009765625,364.82000732421875,441.7300109863281
2012-07-16,346.3800048828125,360.7900085449219,442.739990234375
2012-07-23,350.0,367.67999267578125,449.989990234375
2012-07-30,350.3500061035156,369.3500061035156,446.489990234375
2012-08-06,351.57000732421875,367.0199890136719,447.9200134277344
2012-08-13,359.2799987792969,370.260009765625,445.0299987792969
2012-08-20,358.1499938964844,366.54998779296875,447.30999755859375
2012-08-27,359.1199951171875,365.9200134277344,448.2300109863281
2012-09-03,369.1700134277344,368.05999755859375,456.67999267578125
2012-09-10,376.94000244140625,367.7900085449219,457.7200012207031
2012-09-17,376.260009765625,372.8800048828125,466.4700012207031
2012-09-24,370.07000732421875,369.9700012207031,465.5899963378906
2012-10-01,376.7900085449219,376.9599914550781,477.3599853515625
2012-10-08,365.6600036621094,370.2300109863281,467.1499938964844
2012-10-15,368.7300109863281,367.8299865722656,470.6300048828125
2012-10-22,362.0799865722656,364.42999267578125,467.0
2012-10-29,368.1300048828125,362.67999267578125,464.32000732421875
2012-11-05,360.7099914550781,357.30999755859375,454.7699890136719
2012-11-12,357.1600036621094,354.1199951171875,450.2099914550781
2012-11-19,372.7300109863281,367.239990234375,462.3500061035156
2012-11-26,374.2799987792969,369.70001220703125,464.3900146484375
2012-12-03,373.7300109863281,371.20001220703125,467.45001220703125
2012-12-10,369.1300048828125,368.8999938964844,467.25
2012-12-17,374.5400085449219,364.30999755859375,466.2099914550781
2012-12-24,368.6700134277344,356.8299865722656,457.3900146484375
2012-12-31,386.3399963378906,370.3500061035156,474.239990234375
2013-01-07,387.6300048828125,371.4800109863281,483.5199890136719
2013-01-14,395.2200012207031,377.07000732421875,488.9200134277344
2013-01-21,403.3699951171875,379.7099914550781,496.5799865722656
2013-01-28,399.6199951171875,384.0899963378906,500.6499938964844
2013-02-04,401.8699951171875,387.3500061035156,498.75
2013-02-11,403.5299987792969,388.0799865722656,502.2300109863281
2013-02-18,397.1600036621094,393.9599914550781,501.1199951171875
2013-02-25,403.54998779296875,394.010009765625,505.8599853515625
2013-03-04,415.6600036621094,397.5400085449219,514.27001953125
2013-03-11,416.92999267578125,397.7300109863281,518.489990234375
2013-03-18,416.6199951171875,405.8500061035156,520.3499755859375
2013-03-25,419.4100036621094,409.5400085449219,531.4099731445312
2013-04-01,417.010009765625,409.5899963378906,537.5800170898438
2013-04-08,430.1300048828125,419.4100036621094,554.7100219726562
2013-04-15,421.95001220703125,423.3699951171875,551.969970703125
2013-04-22,430.1099853515625,421.92999267578125,550.530029296875
2013-04-29,440.1000061035156,425.1600036621094,552.3400268554688
2013-05-06,448.4700012207031,423.20001220703125,556.1900024414062
2013-05-13,456.07000732421875,431.8399963378906,567.9299926757812
2013-05-20,449.55999755859375,428.8800048828125,568.4099731445312
2013-05-27,443.9599914550781,412.29998779296875,555.9500122070312
2013-06-03,446.489990234375,416.2300109863281,558.75
2013-06-10,445.3999938964844,418.05999755859375,560.3499755859375
2013-06-17,436.54998779296875,407.9800109863281,547.72998046875
2013-06-24,448.9100036621094,412.0899963378906,555.8900146484375
2013-07-01,457.5299987792969,412.0400085449219,556.989990234375
2013-07-08,473.7099914550781,428.0299987792969,577.9099731445312
2013-07-15,472.2300109863281,431.0199890136719,585.6099853515625
2013-07-22,471.19000244140625,426.75,589.5399780273438
2013-07-29,481.29998779296875,430.2099914550781,594.3599853515625
2013-08-05,475.95001220703125,427.8900146484375,589.9299926757812
2013-08-12,460.2900085449219,414.2300109863281,570.9199829101562
2013-08-19,463.6700134277344,413.4100036621094,575.2100219726562
2013-08-26,456.17999267578125,406.32000732421875,568.02001953125
2013-09-02,463.6600036621094,408.20001220703125,582.8200073242188
2013-09-09,476.1400146484375,417.5199890136719,591.02001953125
2013-09-16,483.2900085449219,423.2799987792969,597.2899780273438
2013-09-23,482.489990234375,414.6000061035156,587.1300048828125
2013-09-30,483.510009765625,410.5299987792969,593.0999755859375
2013-10-07,481.5299987792969,417.70001220703125,592.97998046875
2013-10-14,491.80999755859375,426.6199951171875,608.8800048828125
2013-10-21,501.54998779296875,432.2300109863281,610.8800048828125
2013-10-28,503.6300048828125,437.1600036621094,614.780029296875
2013-11-04,501.6000061035156,438.69000244140625,615.280029296875
2013-11-11,514.3200073242188,446.0299987792969,628.1500244140625
2013-11-18,513.5900268554688,443.989990234375,638.2899780273438
2013-11-25,519.1400146484375,441.5799865722656,638.0599975585938
2013-12-02,515.27001953125,441.9599914550781,637.77001953125
2013-12-09,509.3599853515625,432.9599914550781,621.0499877929688
2013-12-16,520.4500122070312,438.8500061035156,635.969970703125
2013-12-23,526.0,441.5400085449219,641.5
2013-12-30,526.1300048828125,437.0199890136719,640.0700073242188
2014-01-06,526.3800048828125,436.989990234375,657.260009765625
2014-01-13,516.4299926757812,433.239990234375,660.5599975585938
2014-01-20,503.42999267578125,426.239990234375,644.260009765625
2014-01-27,498.4800109863281,419.1499938964844,647.9000244140625
2014-02-03,508.1099853515625,420.6600036621094,651.7000122070312
2014-02-10,516.9299926757812,429.19000244140625,673.0399780273438
2014-02-17,516.5,426.30999755859375,679.4000244140625
2014-02-24,528.8300170898438,433.7699890136719,686.4500122070312
2014-03-03,533.5599975585938,436.54998779296875,687.0999755859375
2014-03-10,520.6599731445312,434.8900146484375,674.8099975585938
2014-03-17,521.1599731445312,436.9100036621094,675.7000122070312
2014-03-24,510.2099914550781,439.30999755859375,668.530029296875
2014-03-31,512.4600219726562,440.57000732421875,671.7899780273438
2014-04-07,493.54998779296875,439.2099914550781,644.739990234375
2014-04-14,505.67999267578125,448.3699951171875,658.5800170898438
2014-04-21,503.0799865722656,449.260009765625,663.8800048828125
2014-04-28,509.4200134277344,453.1099853515625,668.8400268554688
2014-05-05,506.010009765625,456.8399963378906,668.3499755859375
2014-05-12,505.1099853515625,454.2200012207031,671.9299926757812
2014-05-19,515.530029296875,453.9700012207031,681.3300170898438
2014-05-26,519.9400024414062,461.7799987792969,690.239990234375
2014-06-02,529.27001953125,463.2300109863281,694.7000122070312
2014-06-09,520.02001953125,457.5299987792969,688.4400024414062
2014-06-16,524.3300170898438,465.82000732421875,702.6599731445312
2014-06-23,529.75,459.489990234375,707.0599975585938
2014-06-30,539.969970703125,464.1400146484375,721.3800048828125
2014-07-07,534.5399780273438,465.510009765625,712.9000244140625
2014-07-14,535.27001953125,464.44000244140625,710.6799926757812
2014-07-21,529.75,460.6300048828125,715.7000122070312
2014-07-28,520.3300170898438,446.9100036621094,704.1900024414062
2014-08-04,526.1099853515625,451.20001220703125,699.989990234375
2014-08-11,532.02001953125,457.55999755859375,716.2100219726562
2014-08-18,543.5999755859375,460.9700012207031,727.3499755859375
2014-08-25,544.8099975585938,463.7900085449219,737.5999755859375
2014-09-01,548.239990234375,467.6099853515625,741.22998046875
2014-09-08,540.469970703125,461.9700012207031,736.6900024414062
2014-09-15,543.5700073242188,468.82000732421875,751.47998046875
2014-09-22,534.9199829101562,465.17999267578125,745.72998046875
2014-09-29,531.0800170898438,468.1000061035156,745.0900268554688
2014-10-06,512.0499877929688,470.6499938964844,728.6199951171875
2014-10-13,507.0400085449219,460.0400085449219,707.8800048828125
2014-10-20,526.1900024414062,472.54998779296875,754.4199829101562
2014-10-27,539.9500122070312,480.8999938964844,778.8499755859375
2014-11-03,539.1500244140625,491.0799865722656,775.27001953125
2014-11-10,548.989990234375,491.6199951171875,777.260009765625
2014-11-17,555.2100219726562,498.6000061035156,789.1599731445312
2014-11-24,568.4600219726562,506.5,803.6500244140625
2014-12-01,566.1599731445312,501.44000244140625,817.3400268554688
2014-12-08,553.030029296875,491.3999938964844,799.27001953125
2014-12-15,562.3099975585938,501.8900146484375,816.9500122070312
2014-12-22,573.1099853515625,509.7099914550781,801.010009765625
2014-12-29,568.6099853515625,497.8299865722656,795.0700073242188
2015-01-05,562.3400268554688,506.04998779296875,813.22998046875
2015-01-12,552.8400268554688,507.6099853515625,814.6199951171875
2015-01-19,562.2899780273438,510.9599914550781,821.3499755859375
2015-01-26,554.7899780273438,493.239990234375,801.260009765625
2015-02-02,578.25,504.20001220703125,806.8099975585938
2015-02-09,593.489990234375,509.0400085449219,817.780029296875
2015-02-16,598.0599975585938,509.5899963378906,833.5900268554688
2015-02-23,601.7000122070312,513.8200073242188,834.3599853515625
2015-03-02,596.969970703125,500.4100036621094,824.75
2015-03-09,594.9199829101562,494.05999755859375,828.5
2015-03-16,608.9500122070312,503.2200012207031,866.469970703125
2015-03-23,594.6599731445312,501.0199890136719,844.739990234375
2015-03-30,600.52001953125,504.80999755859375,832.1900024414062
2015-04-06,608.219970703125,509.5799865722656,856.25
2015-04-13,596.9600219726562,504.1499938964844,847.4099731445312
2015-04-20,615.5800170898438,504.4700012207031,859.6699829101562
2015-04-27,605.6599731445312,500.8999938964844,839.97998046875
2015-05-04,607.469970703125,504.6300048828125,848.52001953125
2015-05-11,607.0700073242188,510.5299987792969,857.5
2015-05-18,609.739990234375,504.6600036621094,864.9099731445312
2015-05-25,604.4099731445312,500.0899963378906,864.75
2015-06-01,605.760009765625,487.29998779296875,857.4000244140625
2015-06-08,606.02001953125,491.260009765625,858.260009765625
2015-06-15,615.52001953125,500.67999267578125,875.530029296875
2015-06-22,618.3900146484375,497.5199890136719,878.2000122070312
2015-06-29,612.719970703125,494.8599853515625,865.8400268554688
2015-07-06,615.97998046875,504.8599853515625,870.2100219726562
2015-07-13,627.9299926757812,514.3300170898438,889.6099853515625
2015-07-20,625.0499877929688,509.6199951171875,865.0999755859375
2015-07-27,635.8099975585938,515.2000122070312,884.7100219726562
2015-08-03,620.47998046875,513.969970703125,869.8300170898438
2015-08-10,621.1799926757812,514.1400146484375,870.22998046875
2015-08-17,588.77001953125,489.3699951171875,827.1599731445312
2015-08-24,598.4600219726562,487.79998779296875,828.8300170898438
2015-08-31,584.4299926757812,475.6099853515625,792.0900268554688
2015-09-07,597.3300170898438,480.5199890136719,814.2899780273438
2015-09-14,599.469970703125,484.45001220703125,820.3099975585938
2015-09-21,592.9199829101562,488.0199890136719,773.0
2015-09-28,602.1199951171875,491.1300048828125,789.0
2015-10-05,616.7899780273438,508.1000061035156,790.97998046875
2015-10-12,621.4000244140625,510.1499938964844,806.0800170898438
2015-10-19,631.6599731445312,520.7999877929688,800.52001953125
2015-10-26,642.3400268554688,512.22998046875,824.989990234375
2015-11-02,645.8400268554688,504.5199890136719,829.02001953125
2015-11-09,616.2000122070312,490.6300048828125,802.9000244140625
2015-11-16,644.030029296875,503.1499938964844,825.02001953125
2015-11-23,645.4600219726562,510.69000244140625,831.1599731445312
2015-11-30,643.4400024414062,515.3099975585938,827.97998046875
2015-12-07,617.469970703125,505.1099853515625,810.219970703125
2015-12-14,615.0700073242188,507.57000732421875,815.6699829101562
2015-12-21,623.3900146484375,522.25,838.2999877929688
2015-12-28,621.02001953125,518.4199829101562,833.22998046875
2016-01-04,584.27001953125,503.2200012207031,786.8200073242188
2016-01-11,567.5,495.7200012207031,773.2100219726562
2016-01-18,581.7899780273438,504.67999267578125,784.030029296875
2016-01-25,588.780029296875,520.739990234375,769.47998046875
2016-02-01,556.8200073242188,508.9800109863281,744.010009765625
2016-02-08,553.27001953125,513.0700073242188,743.4199829101562
2016-02-15,576.9199829101562,520.9099731445312,760.9299926757812
2016-02-22,593.25,523.0999755859375,776.280029296875
2016-02-29,608.1699829101562,532.4099731445312,777.6699829101562
2016-03-07,611.6400146484375,535.75,790.5800170898438
2016-03-14,620.75,540.0499877929688,774.469970703125
2016-03-21,616.1500244140625,536.280029296875,779.280029296875
2016-03-28,631.6099853515625,550.3699951171875,793.7899780273438
2016-04-04,618.5900268554688,547.5700073242188,800.8900146484375
2016-04-11,631.280029296875,543.27001953125,809.7100219726562
2016-04-18,630.8699951171875,531.7100219726562,830.8800048828125
2016-04-25,628.760009765625,535.6300048828125,806.3400268554688
2016-05-02,629.1300048828125,544.9400024414062,799.4500122070312
2016-05-09,620.3300170898438,544.9199829101562,798.6300048828125
2016-05-16,616.5900268554688,533.5999755859375,803.6500244140625
2016-05-23,629.4400024414062,541.75,821.2000122070312
2016-05-30,627.5800170898438,547.3200073242188,833.5800170898438
2016-06-06,621.969970703125,552.8599853515625,827.010009765625
2016-06-13,619.510009765625,548.77001953125,809.8300170898438
2016-06-20,605.6900024414062,544.5599975585938,802.2000122070312
2016-06-27,625.9500122070312,563.260009765625,834.219970703125
2016-07-04,640.1500244140625,571.1500244140625,850.8499755859375
2016-07-11,643.2999877929688,571.6099853515625,856.25
2016-07-18,648.1300048828125,568.2999877929688,866.9099731445312
2016-07-25,647.8099975585938,560.030029296875,869.780029296875
2016-08-01,647.3099975585938,559.4199829101562,869.5
2016-08-08,650.8699951171875,563.3599853515625,864.030029296875
2016-08-15,646.3099975585938,561.8599853515625,858.22998046875
2016-08-22,641.8599853515625,555.3300170898438,842.77001953125
2016-08-29,640.7100219726562,560.25,837.97998046875
2016-09-05,621.1099853515625,538.5499877929688,824.4000244140625
2016-09-12,624.0700073242188,542.3099975585938,834.4000244140625
2016-09-19,633.0900268554688,547.9400024414062,845.969970703125
2016-09-26,635.9600219726562,546.5399780273438,833.7899780273438
2016-10-03,633.5999755859375,537.030029296875,831.5599975585938
2016-10-10,626.3900146484375,537.260009765625,804.3800048828125
2016-10-17,632.1799926757812,534.9199829101562,805.4600219726562
2016-10-24,619.6500244140625,540.1300048828125,783.0999755859375
2016-10-31,608.9299926757812,529.0399780273438,769.1199951171875
2016-11-07,633.2100219726562,517.7999877929688,813.9099731445312
2016-11-14,644.0399780273438,517.0599975585938,803.9299926757812
2016-11-21,658.5499877929688,524.47998046875,801.3699951171875
2016-11-28,645.469970703125,516.9299926757812,788.5700073242188
2016-12-05,667.719970703125,531.4299926757812,793.7000122070312
2016-12-12,658.8200073242188,536.0599975585938,805.5399780273438
2016-12-19,656.72998046875,535.3300170898438,803.780029296875
2016-12-26,647.8200073242188,531.7899780273438,796.9099731445312
2017-01-02,662.9099731445312,535.280029296875,820.25
2017-01-09,668.4099731445312,529.1799926757812,819.5
2017-01-16,667.9600219726562,539.4199829101562,807.3300170898438
2017-01-23,677.3400268554688,537.3099975585938,806.1099853515625
2017-01-30,672.5,543.5499877929688,825.739990234375
2017-02-06,681.969970703125,549.6500244140625,829.52001953125
2017-02-13,689.0800170898438,559.010009765625,850.5399780273438
2017-02-20,691.4299926757812,567.6300048828125,863.3400268554688
2017-02-27,691.6300048828125,565.6400146484375,875.0399780273438
2017-03-06,689.8200073242188,564.6599731445312,876.3800048828125
2017-03-13,695.8200073242188,566.530029296875,869.9400024414062
2017-03-20,688.8200073242188,562.47998046875,858.5900268554688
2017-03-27,700.239990234375,561.7899780273438,859.75
2017-04-03,694.52001953125,562.469970703125,859.9000244140625
2017-04-10,689.2999877929688,563.7899780273438,854.9000244140625
2017-04-17,702.3400268554688,564.6900024414062,851.5700073242188
2017-04-24,716.72998046875,566.5399780273438,872.260009765625
2017-05-01,717.5,567.0399780273438,877.5900268554688
2017-05-08,715.1599731445312,564.0599975585938,869.1599731445312
2017-05-15,709.5700073242188,567.6500244140625,865.8300170898438
2017-05-22,721.9099731445312,580.260009765625,875.0499877929688
2017-05-29,732.9600219726562,587.7899780273438,893.1300048828125
2017-06-05,718.1099853515625,581.4600219726562,894.1300048828125
2017-06-12,717.760009765625,578.0399780273438,898.5999755859375
2017-06-19,713.3200073242188,572.9299926757812,931.3599853515625
2017-06-26,714.0599975585938,566.8300170898438,916.9299926757812
2017-07-03,709.489990234375,562.3900146484375,916.5399780273438
2017-07-10,717.530029296875,564.1500244140625,925.8200073242188
2017-07-17,724.9600219726562,567.4400024414062,936.0399780273438
2017-07-24,727.1099853515625,569.530029296875,924.280029296875
2017-07-31,724.3300170898438,566.1400146484375,918.5999755859375
2017-08-07,714.6599731445312,566.5599975585938,908.0
2017-08-14,701.6799926757812,566.8200073242188,900.7100219726562
2017-08-21,704.3800048828125,561.2999877929688,910.4000244140625
2017-08-28,715.3900146484375,564.1400146484375,937.489990234375
2017-09-04,707.77001953125,564.6300048828125,951.8300170898438
2017-09-11,714.219970703125,568.8599853515625,955.97998046875
2017-09-18,713.1900024414062,555.7100219726562,944.9500122070312
2017-09-25,717.469970703125,555.3900146484375,946.3099975585938
2017-10-02,730.3699951171875,553.77001953125,959.5999755859375
2017-10-09,725.8499755859375,562.0999755859375,953.0599975585938
2017-10-16,727.030029296875,555.1599731445312,970.4000244140625
2017-10-23,735.1699829101562,547.02001953125,950.0900268554688
2017-10-30,729.510009765625,547.2899780273438,943.75
2017-11-06,734.9600219726562,558.5700073242188,938.6300048828125
2017-11-13,744.25,563.969970703125,938.8599853515625
2017-11-20,752.3099975585938,564.1400146484375,944.77001953125
2017-11-27,767.9199829101562,577.47998046875,961.8599853515625
2017-12-04,771.9199829101562,581.0599975585938,957.8800048828125
2017-12-11,780.760009765625,588.3400268554688,969.6599731445312
2017-12-18,788.3200073242188,587.2899780273438,960.1400146484375
2017-12-25,785.3300170898438,587.3900146484375,956.3200073242188
2018-01-01,810.9000244140625,588.0,987.3099975585938
2018-01-08,836.2000122070312,584.75,1004.4500122070312
2018-01-15,840.8300170898438,598.5999755859375,1023.1300048828125
2018-01-22,868.0,605.239990234375,1059.3299560546875
2018-01-29,841.0700073242188,582.4500122070312,1005.719970703125
2018-02-05,802.489990234375,552.739990234375,949.0900268554688
2018-02-12,833.9600219726562,571.6300048828125,987.1900024414062
2018-02-19,842.1300048828125,558.7999877929688,986.1599731445312
2018-02-26,819.6099853515625,551.5499877929688,966.5
2018-03-05,844.2000122070312,560.6799926757812,999.3599853515625
2018-03-12,838.1699829101562,548.780029296875,989.9099731445312
2018-03-19,798.0499877929688,523.4000244140625,922.72998046875
2018-03-26,806.969970703125,541.72998046875,940.72998046875
2018-04-02,801.6199951171875,540.219970703125,924.9500122070312
2018-04-09,805.72998046875,541.5,946.9099731445312
2018-04-16,819.52001953125,517.8800048828125,949.719970703125
2018-04-23,828.4099731445312,520.27001953125,966.3800048828125
2018-04-30,827.8400268554688,509.6499938964844,936.969970703125
2018-05-07,834.8099975585938,507.3399963378906,960.1799926757812
2018-05-14,834.25,507.1199951171875,961.780029296875
2018-05-21,844.489990234375,510.5299987792969,958.5999755859375
2018-05-28,846.5800170898438,507.8800048828125,962.6799926757812
2018-06-04,873.510009765625,520.1099853515625,982.3200073242188
2018-06-11,893.1099853515625,530.1199951171875,989.8599853515625
2018-06-18,886.8099975585938,530.4000244140625,983.3699951171875
2018-06-25,870.22998046875,529.0800170898438,965.780029296875
2018-07-02,878.010009765625,536.6199951171875,995.6900024414062
2018-07-09,896.4500122070312,541.72998046875,1011.5999755859375
2018-07-16,892.4299926757812,542.1400146484375,1003.27001953125
2018-07-23,888.25,547.5,1017.0800170898438
2018-07-30,889.72998046875,557.1300048828125,1038.47998046875
2018-08-06,896.780029296875,546.4199829101562,1036.3599853515625
2018-08-13,894.780029296875,564.0800170898438,1052.9100341796875
2018-08-20,913.0599975585938,553.969970703125,1060.949951171875
2018-08-27,929.22998046875,551.47998046875,1071.3800048828125
2018-09-03,917.8900146484375,556.9299926757812,1068.0400390625
2018-09-10,928.719970703125,560.4199829101562,1078.9200439453125
2018-09-17,932.3900146484375,567.0499877929688,1091.9300537109375
2018-09-24,938.22998046875,554.9099731445312,1101.3599853515625
2018-10-01,897.1900024414062,549.8900146484375,1092.3199462890625
2018-10-08,865.5800170898438,539.22998046875,1054.06005859375
2018-10-15,848.510009765625,562.260009765625,1058.8199462890625
2018-10-22,821.2100219726562,554.6199951171875,1011.7000122070312
2018-10-29,854.0399780273438,567.8599853515625,1033.300048828125
2018-11-05,871.010009765625,584.2100219726562,1074.780029296875
2018-11-12,838.1099853515625,574.0499877929688,1063.52001953125
2018-11-19,802.0399780273438,560.4400024414062,1035.739990234375
2018-11-26,853.5900268554688,576.4199829101562,1096.8399658203125
2018-12-03,817.530029296875,558.6400146484375,1046.010009765625
2018-12-10,807.719970703125,555.5900268554688,1026.6700439453125
2018-12-17,738.3599853515625,515.9600219726562,958.02001953125
2018-12-24,773.0599975585938,519.7899780273438,987.47998046875
2018-12-31,798.52001953125,526.97998046875,994.77001953125
2019-01-07,828.3400268554688,530.260009765625,1017.280029296875
2019-01-14,847.2100219726562,538.3599853515625,1042.81005859375
2019-01-21,847.0900268554688,530.8699951171875,1029.1500244140625
2019-01-28,846.1599731445312,546.47998046875,1050.2099609375
2019-02-04,843.510009765625,552.6199951171875,1040.3900146484375
2019-02-11,865.0700073242188,558.5399780273438,1073.6199951171875
2019-02-18,873.6699829101562,560.8699951171875,1070.06005859375
2019-02-25,874.969970703125,558.6099853515625,1073.739990234375
2019-03-04,852.8200073242188,554.75,1032.219970703125
2019-03-11,874.6699829101562,567.1599731445312,1065.43994140625
2019-03-18,884.8400268554688,571.219970703125,1049.43994140625
2019-03-25,901.2000122070312,580.1099853515625,1062.469970703125
2019-04-01,930.2899780273438,574.0700073242188,1065.280029296875
2019-04-08,936.239990234375,579.7899780273438,1039.31005859375
2019-04-15,943.969970703125,585.3499755859375,993.6400146484375
2019-04-22,957.3900146484375,585.9299926757812,1030.02001953125
2019-04-29,954.280029296875,590.4400024414062,1043.06005859375
2019-05-06,930.2000122070312,588.239990234375,1027.0799560546875
2019-05-13,919.5599975585938,593.5,1021.9400024414062
2019-05-20,899.1699829101562,590.8400268554688,1033.949951171875
2019-05-27,878.5399780273438,569.9299926757812,1007.0
2019-06-03,913.5999755859375,599.3099975585938,1050.52001953125
2019-06-10,935.8900146484375,602.8499755859375,1052.280029296875
2019-06-17,948.8400268554688,603.47998046875,1085.1500244140625
2019-06-24,945.5800170898438,597.3400268554688,1072.469970703125
2019-07-01,965.1300048828125,610.3699951171875,1085.0899658203125
2019-07-08,985.8300170898438,615.8800048828125,1069.5699462890625
2019-07-15,969.52001953125,617.25,1061.010009765625
2019-07-22,977.8499755859375,620.9400024414062,1064.81005859375
2019-07-29,933.1199951171875,608.989990234375,1052.760009765625
2019-08-05,933.030029296875,609.0499877929688,1057.1199951171875
2019-08-12,915.3200073242188,618.6199951171875,1045.8599853515625
2019-08-19,916.3800048828125,611.4500122070312,1025.469970703125
2019-08-26,940.469970703125,621.27001953125,1046.739990234375
2019-09-02,965.0599975585938,628.52001953125,1053.739990234375
2019-09-09,969.0499877929688,622.719970703125,1055.7099609375
2019-09-16,948.1599731445312,618.9000244140625,1066.199951171875
2019-09-23,939.3599853515625,626.3900146484375,1034.1099853515625
2019-09-30,937.219970703125,629.9099731445312,1043.449951171875
2019-10-07,946.47998046875,624.469970703125,1040.489990234375
2019-10-14,958.7899780273438,623.4500122070312,1061.6300048828125
2019-10-21,950.760009765625,627.0900268554688,1065.010009765625
2019-10-28,956.1699829101562,627.2999877929688,1097.4100341796875
2019-11-04,954.0399780273438,623.969970703125,1100.1800537109375
2019-11-11,951.739990234375,629.27001953125,1126.75
2019-11-18,944.1500244140625,627.969970703125,1135.8800048828125
2019-11-25,960.7899780273438,634.0900268554688,1148.68994140625
2019-12-02,953.2000122070312,639.9199829101562,1159.1099853515625
2019-12-09,963.4000244140625,641.1799926757812,1163.699951171875
2019-12-16,977.4299926757812,648.969970703125,1190.449951171875
2019-12-23,991.9400024414062,649.969970703125,1192.489990234375
2019-12-30,990.5,640.5499877929688,1180.3299560546875
2020-01-06,994.47998046875,644.1300048828125,1198.1300048828125
2020-01-13,1005.6799926757812,656.5599975585938,1217.68994140625
2020-01-20,990.75,653.4299926757812,1193.25
2020-01-27,992.010009765625,648.25,1153.9599609375
2020-02-03,1016.0,660.010009765625,1199.27001953125
2020-02-10,1042.5400390625,665.3499755859375,1209.530029296875
2020-02-17,1031.02001953125,664.5700073242188,1203.4100341796875
2020-02-24,915.77001953125,595.2100219726562,1075.6600341796875
2020-03-02,908.2999877929688,632.2899780273438,1129.02001953125
2020-03-09,813.239990234375,582.1599731445312,1053.9200439453125
2020-03-16,711.3400268554688,516.280029296875,916.5900268554688
2020-03-23,790.1799926757812,550.0499877929688,990.6900024414062
2020-03-30,753.0900268554688,569.0700073242188,1010.8699951171875
2020-04-06,856.780029296875,597.1400146484375,1106.010009765625
2020-04-13,924.0900268554688,622.1199951171875,1173.9300537109375
2020-04-20,922.030029296875,602.260009765625,1168.4300537109375
2020-04-27,911.719970703125,590.510009765625,1137.8900146484375
2020-05-04,952.0900268554688,595.6300048828125,1157.469970703125
2020-05-11,942.2999877929688,586.530029296875,1167.6300048828125
2020-05-18,982.3900146484375,587.97998046875,1158.510009765625
2020-05-25,1002.2899780273438,605.780029296875,1198.1400146484375
2020-06-01,1049.9200439453125,617.239990234375,1200.8900146484375
2020-06-08,1016.5,592.0399780273438,1134.510009765625
2020-06-15,1039.8299560546875,606.010009765625,1169.949951171875
2020-06-22,1020.030029296875,585.6900024414062,1137.3699951171875
2020-06-29,1074.0699462890625,604.4299926757812,1184.4300537109375
2020-07-06,1125.9200439453125,619.3300170898438,1173.969970703125
2020-07-13,1107.7099609375,631.3800048828125,1233.6700439453125
2020-07-20,1122.550048828125,636.52001953125,1224.52001953125
2020-07-27,1145.81005859375,642.010009765625,1228.5799560546875
2020-08-03,1167.4100341796875,651.1799926757812,1239.0999755859375
2020-08-10,1185.6199951171875,656.8099975585938,1243.2099609375
2020-08-17,1214.27001953125,658.0499877929688,1243.1300048828125
2020-08-24,1251.8199462890625,673.6699829101562,1255.8499755859375
2020-08-31,1220.1400146484375,670.47998046875,1229.6500244140625
2020-09-07,1196.8900146484375,662.0599975585938,1216.0699462890625
2020-09-14,1169.0,650.7100219726562,1226.3399658203125
2020-09-21,1183.4000244140625,647.9000244140625,1201.81005859375
2020-09-28,1213.0999755859375,658.4299926757812,1214.1099853515625
2020-10-05,1260.0799560546875,676.0599975585938,1263.3299560546875
2020-10-12,1257.800048828125,681.0800170898438,1257.5999755859375
2020-10-19,1249.949951171875,671.6099853515625,1255.969970703125
2020-10-26,1172.030029296875,639.4600219726562,1184.3199462890625
2020-11-02,1258.6300048828125,668.9299926757812,1282.0400390625
2020-11-09,1244.780029296875,692.8499755859375,1305.4000244140625
2020-11-16,1243.31005859375,682.8300170898438,1266.25
2020-11-23,1280.1500244140625,686.8300170898438,1272.6800537109375
2020-11-30,1274.780029296875,692.9299926757812,1308.8800048828125
2020-12-07,1259.81005859375,690.719970703125,1298.489990234375
2020-12-14,1289.0400390625,696.030029296875,1312.6500244140625
2020-12-21,1277.280029296875,687.75,1299.8800048828125
2020-12-28,1302.56005859375,696.3200073242188,1324.010009765625
2021-01-04,1352.530029296875,689.469970703125,1368.5400390625
2021-01-11,1327.1400146484375,675.75,1363.260009765625
2021-01-18,1368.1300048828125,669.7100219726562,1370.9000244140625
2021-01-25,1307.6400146484375,659.25,1340.9200439453125
2021-02-01,1385.9599609375,675.9199829101562,1347.6500244140625
2021-02-08,1368.530029296875,675.22998046875,1365.93994140625
2021-02-15,1361.1400146484375,667.530029296875,1332.52001953125
2021-02-22,1294.469970703125,649.3900146484375,1311.27001953125
2021-03-01,1257.9100341796875,661.4400024414062,1315.1300048828125
2021-03-08,1330.1300048828125,675.6599731445312,1332.4200439453125
2021-03-15,1328.1600341796875,677.2000122070312,1337.4100341796875
2021-03-22,1325.3399658203125,703.5999755859375,1365.449951171875
2021-03-29,1354.1300048828125,697.77001953125,1357.4000244140625
2021-04-05,1411.449951171875,707.9199829101562,1375.56005859375
2021-04-12,1440.18994140625,717.3499755859375,1415.239990234375
2021-04-19,1422.5,714.1099853515625,1440.3399658203125
2021-04-26,1435.8900146484375,713.6900024414062,1412.9200439453125
2021-05-03,1419.1099853515625,724.969970703125,1444.5999755859375
2021-05-10,1366.699951171875,727.739990234375,1436.469970703125
2021-05-17,1349.989990234375,728.27001953125,1447.1400146484375
2021-05-24,1380.0799560546875,725.4600219726562,1437.43994140625
2021-05-31,1366.3900146484375,732.6699829101562,1420.8499755859375
2021-06-07,1388.5899658203125,727.4199829101562,1448.239990234375
2021-06-14,1387.6600341796875,706.1900024414062,1437.1700439453125
2021-06-21,1424.0400390625,719.219970703125,1466.1199951171875
2021-06-28,1453.510009765625,721.7999877929688,1495.3199462890625
2021-07-05,1474.52001953125,724.8499755859375,1501.4599609375
2021-07-12,1435.6700439453125,733.8800048828125,1498.9599609375
2021-07-19,1476.6199951171875,737.0900268554688,1531.5799560546875
2021-07-26,1438.7099609375,738.719970703125,1538.5799560546875
2021-08-02,1444.0899658203125,734.6699829101562,1548.949951171875
2021-08-09,1444.699951171875,749.9099731445312,1557.1300048828125
2021-08-16,1412.3399658203125,753.1199951171875,1584.72998046875
2021-08-23,1449.280029296875,742.8900146484375,1566.06005859375
2021-08-30,1466.7099609375,754.280029296875,1592.6099853515625
2021-09-06,1461.8599853515625,744.8099975585938,1549.1800537109375
2021-09-13,1469.68994140625,738.1599731445312,1545.72998046875
2021-09-20,1474.2900390625,735.8599853515625,1539.56005859375
2021-09-27,1438.510009765625,716.4099731445312,1485.0
2021-10-04,1451.3699951171875,726.4299926757812,1480.0999755859375
2021-10-11,1502.8699951171875,734.9099731445312,1491.56005859375
2021-10-18,1525.030029296875,740.72998046875,1534.4100341796875
2021-10-25,1585.719970703125,741.0900268554688,1559.3199462890625
2021-11-01,1664.8900146484375,759.1599731445312,1548.8699951171875
2021-11-08,1611.8199462890625,757.3900146484375,1558.3699951171875
2021-11-15,1673.27001953125,750.1300048828125,1547.72998046875
2021-11-22,1612.8699951171875,748.4400024414062,1534.3499755859375
2021-11-29,1574.739990234375,744.8499755859375,1517.4300537109375
2021-12-06,1614.43994140625,771.239990234375,1565.3699951171875
2021-12-13,1545.06005859375,780.1400146484375,1603.75
2021-12-20,1604.0999755859375,785.1199951171875,1625.5699462890625
2021-12-27,1610.760009765625,804.5999755859375,1643.9200439453125
2022-01-03,1569.02001953125,807.6500244140625,1567.5
2022-01-10,1545.9000244140625,804.27001953125,1563.0699462890625
2022-01-17,1414.6700439453125,792.02001953125,1509.4200439453125
2022-01-24,1401.0699462890625,788.5800170898438,1520.300048828125
2022-01-31,1456.3299560546875,791.719970703125,1540.7099609375
2022-02-07,1423.52001953125,784.6599731445312,1518.3299560546875
2022-02-14,1417.739990234375,793.3900146484375,1484.4300537109375
2022-02-21,1387.0799560546875,790.8900146484375,1524.6600341796875
2022-02-28,1350.5999755859375,790.2999877929688,1542.5400390625
2022-03-07,1315.5799560546875,744.5999755859375,1499.9100341796875
2022-03-14,1437.52001953125,773.0399780273438,1593.47998046875
2022-03-21,1452.8499755859375,783.1599731445312,1589.780029296875
2022-03-28,1465.81005859375,801.3800048828125,1609.25
2022-04-04,1417.7900390625,823.239990234375,1664.5799560546875
2022-04-11,1406.280029296875,824.510009765625,1615.7900390625
2022-04-18,1381.1600341796875,827.6900024414062,1557.489990234375
2022-04-25,1272.1500244140625,810.5,1518.449951171875
2022-05-02,1229.219970703125,799.6199951171875,1511.6500244140625
2022-05-09,1187.300048828125,802.0,1497.4000244140625
2022-05-16,1098.9100341796875,732.760009765625,1510.9100341796875
2022-05-23,1200.5,777.8599853515625,1559.3399658203125
2022-05-30,1200.56005859375,764.47998046875,1510.4300537109375
2022-06-06,1127.719970703125,744.530029296875,1459.0899658203125
2022-06-13,1065.2099609375,711.8200073242188,1393.219970703125
2022-06-20,1153.0400390625,758.6099853515625,1506.719970703125
2022-06-27,1098.9599609375,760.77001953125,1512.469970703125
2022-07-04,1148.969970703125,757.22998046875,1524.5400390625
2022-07-11,1136.969970703125,758.0900268554688,1517.510009765625
2022-07-18,1214.1800537109375,761.1500244140625,1512.3399658203125
2022-07-25,1281.510009765625,773.5,1541.8800048828125
2022-08-01,1296.449951171875,774.280029296875,1531.030029296875
2022-08-08,1280.3199462890625,773.1599731445312,1529.9599609375
